{"labels_3d": [0, 0, 0, 0, 0, 0, 0, 0, 0, 0], "scores_3d": [0.9750173091888428, 0.9681898355484009, 0.9457331895828247, 0.8904067873954773, 0.8889607787132263, 0.7703450918197632, 0.7551495432853699, 0.7058665752410889, 0.5814816355705261, 0.4409429132938385], "bboxes_3d": [[14.758340835571289, -1.0538733005523682, -1.5589320659637451, 3.75620436668396, 1.6059954166412354, 1.5587292909622192, -0.31324076652526855], [6.43773078918457, -3.8679392337799072, -1.7354811429977417, 3.147723913192749, 1.4600205421447754, 1.4284512996673584, -0.29960644245147705], [8.112300872802734, 1.2169684171676636, -1.6340616941452026, 3.66623854637146, 1.5731239318847656, 1.5916335582733154, 2.816124439239502], [20.169767379760742, -8.431002616882324, -1.668980360031128, 2.3815982341766357, 1.5175389051437378, 1.5693395137786865, -0.3255230188369751], [33.455772399902344, -7.0356364250183105, -1.3376519680023193, 4.213866233825684, 1.7446203231811523, 1.6696916818618774, 2.828645944595337], [55.62187194824219, -20.328502655029297, -1.377126932144165, 4.370807647705078, 1.7359669208526611, 1.7066903114318848, 2.850411891937256], [3.637751579284668, 2.738185167312622, -1.6891992092132568, 3.7209839820861816, 1.582005262374878, 1.517716407775879, -0.23044192790985107], [25.040895462036133, -10.156421661376953, -1.632549524307251, 3.739501476287842, 1.6085312366485596, 1.483985185623169, -0.3296833038330078], [28.725183486938477, -1.5525531768798828, -1.2023805379867554, 3.6942522525787354, 1.5429661273956299, 1.5610407590866089, 1.241648554801941], [40.870792388916016, -9.749103546142578, -1.3669278621673584, 3.8332695960998535, 1.652874231338501, 1.569952368736267, -0.28838253021240234]], "box_type_3d": "LiDAR"}